Usuario,Password
200815180,afdasffa123
201020692,afdasffa124
201403982,afdasffa125
201404278,asffa126
201404405,afdasfa127
201408507,afdasffa128
201430496,afdasffa129
201503515,afdasffa130
201503777,afdasffa131
201503928,afdasffa132
201504341,afdasffa133
201504354,afdasffa134
201700312,afdasffa135
201700317,afdasffa136
201700339,afdasffa137
201700350,ffa138
201700450,afdasffa139
201700524,afdasffa140
201700543,afdasffa141
201700659,afdasffa142
201700918,afdasffa143
201700988,afdasffa144
201700312,afdasffa135
201701020,afdasffa145
201701133,afdasffa146
201708845,afdasffa147
201709164,afdasffa148
201504354,afdasffa134
201709396,afdasffa149
201700524,afdasffa140
201709426,afdasffa150
201404405,afdasfa127
200815180,afdasffa123
